Variant_identifier	Gene	Consequence_Class	Variant_type_master
chr1-17022648-C-T	SDHB	missense	SNV_INDEL
chr1-17028599-C-T	SDHB	splice_donor	SNV_INDEL
chr1-17028739-G-C	SDHB	splice_region	SNV_INDEL
chr1-17033077-C-T	SDHB	missense	SNV_INDEL
chr1-17044767-A-G	SDHB	missense	SNV_INDEL
chr1-17044825-G-A	SDHB	stop_gained	SNV_INDEL
chr1-156134454-C-T	LMNA	missense	SNV_INDEL
chr1-161340628-C-T	SDHC	missense	SNV_INDEL
chr1-201077014-A-T	CACNA1S	missense	SNV_INDEL
chr1-201363349-G-A	TNNT2	missense	SNV_INDEL
chr1-201364335-C-T	TNNT2	missense	SNV_INDEL
chr1-237627957-A-G	RYR2	missense	SNV_INDEL
chr1-161323651-CCTCAG-C	SDHC	frameshift	SNV_INDEL
chr1-161340629-G-A	SDHC	missense	SNV_INDEL
chr1-237784878-G-A	RYR2	missense	SNV_INDEL
chr2-21005357-AGCAGCAATGC-A	APOB	frameshift	SNV_INDEL
chr2-21005734-T-TAATCA	APOB	stop_gained	SNV_INDEL
chr2-21006288-C-T	APOB	missense	SNV_INDEL
chr2-21006289-G-A	APOB	missense	SNV_INDEL
chr2-21006393-AT-A	APOB	frameshift	SNV_INDEL
chr2-21008161-G-A	APOB	stop_gained	SNV_INDEL
chr2-21011257-CTG-C	APOB	frameshift	SNV_INDEL
chr2-21011793-TC-T	APOB	frameshift	SNV_INDEL
chr2-47403201-C-T	MSH2	stop_gained	SNV_INDEL
chr2-47475126-C-T	MSH2	stop_gained	SNV_INDEL
chr2-47475202-A-G	MSH2	missense	SNV_INDEL
chr2-47783469-C-A	MSH6	stop_gained	SNV_INDEL
chr2-47798725-C-T	MSH6	stop_gained	SNV_INDEL
chr2-47798875-C-T	MSH6	stop_gained	SNV_INDEL
chr2-47799013-CAA-C	MSH6	frameshift	SNV_INDEL
chr2-47799466-C-T	MSH6	stop_gained	SNV_INDEL
chr2-47799617-AAG-A	MSH6	frameshift	SNV_INDEL
chr2-47799847-A-AT	MSH6	frameshift	SNV_INDEL
chr2-47799998-C-CA	MSH6	frameshift	SNV_INDEL
chr2-47800996-C-T	MSH6	stop_gained	SNV_INDEL
chr2-47803449-C-T	MSH6	stop_gained	SNV_INDEL
chr2-47803473-C-T	MSH6	missense	SNV_INDEL
chr2-47804984-T-TA	MSH6	frameshift	SNV_INDEL
chr2-47804984-TAG-T	MSH6	frameshift	SNV_INDEL
chr2-47806596-G-T	MSH6	stop_gained	SNV_INDEL
chr2-96265136-A-G	TMEM127	splice_donor	SNV_INDEL
chr2-96265376-G-T	TMEM127	stop_gained	SNV_INDEL
chr2-178528273-C-T	TTN	splice_donor	SNV_INDEL
chr2-178528888-AC-A	TTN	frameshift	SNV_INDEL
chr2-178530414-CAG-C	TTN	frameshift	SNV_INDEL
chr2-178530994-TTCACTGTTTTCTACCA-T	TTN	frameshift	SNV_INDEL
chr2-178531619-A-AGGGTGAGGACTCCACTCGTGTT	TTN	frameshift	SNV_INDEL
chr2-178532375-CTCAGT-C	TTN	frameshift	SNV_INDEL
chr2-178532527-TG-T	TTN	frameshift	SNV_INDEL
chr2-178534263-G-A	TTN	stop_gained	SNV_INDEL
chr2-178538754-AT-A	TTN	frameshift	SNV_INDEL
chr2-178538757-AC-A	TTN	frameshift	SNV_INDEL
chr2-178543276-G-A	TTN	stop_gained	SNV_INDEL
chr2-178545462-AC-A	TTN	frameshift	SNV_INDEL
chr2-178546072-G-A	TTN	stop_gained	SNV_INDEL
chr2-178548460-G-A	TTN	stop_gained	SNV_INDEL
chr2-178550965-A-G	TTN	splice_donor	SNV_INDEL
chr2-178552084-C-T	TTN	stop_gained	SNV_INDEL
chr2-178552978-ATC-A	TTN	frameshift	SNV_INDEL
chr2-178553127-T-TTGAA	TTN	frameshift	SNV_INDEL
chr2-178553397-CTG-C	TTN	splice_acceptor	SNV_INDEL
chr2-178553556-C-A	TTN	stop_gained	SNV_INDEL
chr2-178554013-CTG-C	TTN	frameshift	SNV_INDEL
chr2-178557410-C-CTGCTGGCCGGT	TTN	stop_gained	SNV_INDEL
chr2-178557469-C-A	TTN	stop_gained	SNV_INDEL
chr2-178558008-C-A	TTN	stop_gained	SNV_INDEL
chr2-178558009-A-C	TTN	stop_gained	SNV_INDEL
chr2-178560273-T-TA	TTN	frameshift	SNV_INDEL
chr2-178562091-G-C	TTN	stop_gained	SNV_INDEL
chr2-178573553-G-T	TTN	stop_gained	SNV_INDEL
chr2-178575752-CAG-C	TTN	frameshift	SNV_INDEL
chr2-178576978-GT-G	TTN	frameshift	SNV_INDEL
chr2-178580230-C-T	TTN	splice_acceptor	SNV_INDEL
chr2-178584898-C-T	TTN	stop_gained	SNV_INDEL
chr2-178587350-C-T	TTN	stop_gained	SNV_INDEL
chr2-178589425-TG-T	TTN	frameshift	SNV_INDEL
chr2-178592652-CAG-C	TTN	frameshift	SNV_INDEL
chr2-178593338-G-A	TTN	stop_gained	SNV_INDEL
chr2-178600932-G-A	TTN	stop_gained	SNV_INDEL
chr2-178601337-G-A	TTN	stop_gained	SNV_INDEL
chr2-178604269-G-A	TTN	stop_gained	SNV_INDEL
chr2-178609289-G-A	TTN	stop_gained	SNV_INDEL
chr2-178609301-G-A	TTN	stop_gained	SNV_INDEL
chr2-178611934-TC-T	TTN	frameshift	SNV_INDEL
chr2-178612553-GC-G	TTN	frameshift	SNV_INDEL
chr2-178612851-G-A	TTN	stop_gained	SNV_INDEL
chr2-178616975-G-GATTTA	TTN	stop_gained	SNV_INDEL
chr2-178617396-CA-C	TTN	frameshift	SNV_INDEL
chr2-178617862-CTG-C	TTN	stop_gained	SNV_INDEL
chr2-178618722-TAG-T	TTN	frameshift	SNV_INDEL
chr2-178624475-CAGGTTACAGGA-C	TTN	frameshift	SNV_INDEL
chr2-178633572-AC-A	TTN	frameshift	SNV_INDEL
chr2-178689056-G-A	TTN	stop_gained	SNV_INDEL
chr2-178709758-G-A	TTN	stop_gained	SNV_INDEL
chr2-178732888-G-A	TTN	stop_gained	SNV_INDEL
chr2-178779423-C-A	TTN	stop_gained	SNV_INDEL
chr2-178786094-TG-T	TTN	frameshift	SNV_INDEL
chr2-178792182-C-A	TTN	stop_gained	SNV_INDEL
chr2-178799823-A-G	TTN	splice_donor	SNV_INDEL
chr2-188991713-T-TTCAA	COL3A1	frameshift	SNV_INDEL
chr2-188996479-G-A	COL3A1	missense	SNV_INDEL
chr2-189003982-G-T	COL3A1	missense	SNV_INDEL
chr2-219421467-A-C	DES	missense	SNV_INDEL
chr2-178531836-TC-T	TTN	frameshift	SNV_INDEL
chr2-178532844-G-A	TTN	stop_gained	SNV_INDEL
chr2-178533204-G-A	TTN	stop_gained	SNV_INDEL
chr2-178549989-G-A	TTN	stop_gained	SNV_INDEL
chr2-178572784-CAA-C	TTN	frameshift	SNV_INDEL
chr2-178587307-T-TA	TTN	frameshift	SNV_INDEL
chr2-178591700-AG-A	TTN	frameshift	SNV_INDEL
chr2-178601719-G-C	TTN	stop_gained	SNV_INDEL
chr2-178632314-AC-A	TTN	frameshift	SNV_INDEL
chr2-178632316-TCG-T	TTN	frameshift	SNV_INDEL
chr2-178632321-T-TAAATTTAACCA	TTN	frameshift	SNV_INDEL
chr2-178713370-G-A	TTN	stop_gained	SNV_INDEL
chr2-178735582-G-C	TTN	stop_gained	SNV_INDEL
chr2-178767782-G-A	TTN	stop_gained	SNV_INDEL
chr2-178774206-C-T	TTN	splice_donor	SNV_INDEL
chr2-178800653-G-A	TTN	stop_gained	SNV_INDEL
chr2-21005466-GA-G	APOB	frameshift	SNV_INDEL
chr2-21034903-T-C	APOB	splice_acceptor	SNV_INDEL
chr2-47429812-C-T	MSH2	stop_gained	SNV_INDEL
chr2-47476492-C-T	MSH2	stop_gained	SNV_INDEL
chr2-47478303-G-A	MSH2	missense	SNV_INDEL
chr2-47798717-T-TA	MSH6	frameshift	SNV_INDEL
chr2-47801100-CTT-C	MSH6	frameshift	SNV_INDEL
chr2-47804940-G-T	MSH6	missense	SNV_INDEL
chr3-10141986-G-T	VHL	stop_gained	SNV_INDEL
chr3-37001053-G-A	MLH1	splice_region	SNV_INDEL
chr3-37020462-A-T	MLH1	missense	SNV_INDEL
chr3-37048557-A-G	MLH1	missense	SNV_INDEL
chr3-38551344-C-T	SCN5A	missense	SNV_INDEL
chr3-38554303-C-T	SCN5A	missense	SNV_INDEL
chr3-38557248-C-A	SCN5A	missense	SNV_INDEL
chr3-38562467-G-A	SCN5A	missense	SNV_INDEL
chr3-38581016-G-GGC	SCN5A	frameshift	SNV_INDEL
chr3-38581266-G-A	SCN5A	missense	SNV_INDEL
chr3-38586037-C-T	SCN5A	missense	SNV_INDEL
chr3-38613772-C-T	SCN5A	missense	SNV_INDEL
chr3-38613773-G-A	SCN5A	missense	SNV_INDEL
chr3-38620885-C-T	SCN5A	missense	SNV_INDEL
chr3-38557235-CT-C	SCN5A	frameshift	SNV_INDEL
chr5-112842166-GA-G	APC	frameshift	SNV_INDEL
chr6-7580622-G-GATAAAAACAAGGAGATAGAAAGGTTAAAACA	DSP	frameshift	SNV_INDEL
chr6-7579275-C-CT	DSP	frameshift	SNV_INDEL
chr6-7580388-C-T	DSP	stop_gained	SNV_INDEL
chr6-7580562-C-T	DSP	stop_gained	SNV_INDEL
chr6-7580638-TAGAA-T	DSP	frameshift	SNV_INDEL
chr7-5986883-G-A	PMS2	stop_gained	SNV_INDEL
chr7-5999266-TG-T	PMS2	frameshift	SNV_INDEL
chr7-6003986-TTTTC-T	PMS2	frameshift	SNV_INDEL
chr7-6005994-T-A	PMS2	stop_gained	SNV_INDEL
chr7-128841477-GGA-G	FLNC	frameshift	SNV_INDEL
chr7-128850050-GC-G	FLNC	frameshift	SNV_INDEL
chr7-128858474-G-A	FLNC	stop_gained	SNV_INDEL
chr7-150952699-G-A	KCNH2	missense	SNV_INDEL
chr7-150957504-T-C	KCNH2	splice_acceptor	SNV_INDEL
chr7-5987066-G-A	PMS2	stop_gained	SNV_INDEL
chr7-6003724-G-A	PMS2	missense	SNV_INDEL
chr7-6008995-A-C	PMS2	splice_donor	SNV_INDEL
chr9-127825349-G-GTCCGGGGCCTGCGGGGAGACAGACGCGGATGGAA	ENG	frameshift	SNV_INDEL
chr9-132910570-C-A	TSC1	splice_donor	SNV_INDEL
chr10-43114598-G-C	RET	missense	SNV_INDEL
chr10-43118458-G-C	RET	missense	SNV_INDEL
chr10-43119548-G-A	RET	missense	SNV_INDEL
chr10-88939558-C-T	ACTA2	missense	SNV_INDEL
chr10-119672511-G-A	BAG3	stop_gained	SNV_INDEL
chr10-87864513-G-C	PTEN	missense	SNV_INDEL
chr10-87933154-G-A	PTEN	missense	SNV_INDEL
chr10-87952148-G-A	PTEN	missense	SNV_INDEL
chr11-2572057-G-A	KCNQ1	missense	SNV_INDEL
chr11-2572970-C-T	KCNQ1	missense	SNV_INDEL
chr11-2572979-G-T	KCNQ1	missense	SNV_INDEL
chr11-2585260-C-T	KCNQ1	stop_gained	SNV_INDEL
chr11-2768881-C-T	KCNQ1	stop_gained	SNV_INDEL
chr11-2776032-C-T	KCNQ1	missense	SNV_INDEL
chr11-2776033-G-A	KCNQ1	missense	SNV_INDEL
chr11-2777991-G-A	KCNQ1	missense	SNV_INDEL
chr11-2778014-C-T	KCNQ1	missense	SNV_INDEL
chr11-2778023-C-T	KCNQ1	stop_gained	SNV_INDEL
chr11-2847858-G-GC	KCNQ1	frameshift	SNV_INDEL
chr11-32396341-G-A	WT1	missense	SNV_INDEL
chr11-32416541-C-T	WT1	splice_acceptor	SNV_INDEL
chr11-47339344-C-A	MYBPC3	stop_gained	SNV_INDEL
chr11-47342611-C-T	MYBPC3	missense	SNV_INDEL
chr11-47342750-C-T	MYBPC3	splice_region	SNV_INDEL
chr11-47342909-AG-A	MYBPC3	frameshift	SNV_INDEL
chr11-47343491-C-T	MYBPC3	splice_donor	SNV_INDEL
chr11-47343527-C-T	MYBPC3	stop_gained	SNV_INDEL
chr11-64806269-G-C	MEN1	missense	SNV_INDEL
chr11-64808043-G-T	MEN1	missense	SNV_INDEL
chr11-64808060-A-G	MEN1	missense	SNV_INDEL
chr11-64808073-C-T	MEN1	missense	SNV_INDEL
chr11-64809788-G-A	MEN1	stop_gained	SNV_INDEL
chr11-64809796-AG-A	MEN1	frameshift	SNV_INDEL
chr11-112087938-GAGTGCAGCACATACACTTGTCACCGA-G	SDHD	frameshift	SNV_INDEL
chr11-2528023-G-A	KCNQ1	splice_region	SNV_INDEL
chr11-2847858-GC-G	KCNQ1	frameshift	SNV_INDEL
chr11-47332896-G-T	MYBPC3	stop_gained	SNV_INDEL
chr12-32792666-TC-T	PKP2	frameshift	SNV_INDEL
chr12-32796108-C-T	PKP2	splice_donor	SNV_INDEL
chr12-32821523-G-A	PKP2	stop_gained	SNV_INDEL
chr12-32850787-C-A	PKP2	stop_gained	SNV_INDEL
chr12-32868926-C-T	PKP2	splice_donor	SNV_INDEL
chr12-32869063-C-G	PKP2	splice_acceptor	SNV_INDEL
chr12-32877913-G-A	PKP2	stop_gained	SNV_INDEL
chr12-110911176-C-G	MYL2	splice_acceptor	SNV_INDEL
chr12-110913279-TCAAA-T	MYL2	frameshift	SNV_INDEL
chr12-110914258-C-A	MYL2	stop_gained	SNV_INDEL
chr12-120978826-G-A	HNF1A	missense	SNV_INDEL
chr12-120994277-C-G	HNF1A	missense	SNV_INDEL
chr12-120996568-C-A	HNF1A	missense	SNV_INDEL
chr12-110914288-G-A	MYL2	stop_gained	SNV_INDEL
chr12-120993519-G-A	HNF1A	splice_acceptor	SNV_INDEL
chr12-32796284-GGA-G	PKP2	frameshift	SNV_INDEL
chr12-32868964-TGTATGAAA-T	PKP2	frameshift	SNV_INDEL
chr13-32316463-G-A	BRCA2	start_lost	SNV_INDEL
chr13-32319151-G-T	BRCA2	stop_gained	SNV_INDEL
chr13-32326560-CT-C	BRCA2	frameshift	SNV_INDEL
chr13-32329467-CTG-C	BRCA2	frameshift	SNV_INDEL
chr13-32333108-ACT-A	BRCA2	frameshift	SNV_INDEL
chr13-32333276-TATAAA-T	BRCA2	frameshift	SNV_INDEL
chr13-32336694-C-G	BRCA2	stop_gained	SNV_INDEL
chr13-32336794-TC-T	BRCA2	frameshift	SNV_INDEL
chr13-32336948-GA-G	BRCA2	frameshift	SNV_INDEL
chr13-32336967-C-G	BRCA2	stop_gained	SNV_INDEL
chr13-32337160-TAAAC-T	BRCA2	frameshift	SNV_INDEL
chr13-32337177-TG-T	BRCA2	frameshift	SNV_INDEL
chr13-32337220-CA-C	BRCA2	frameshift	SNV_INDEL
chr13-32337464-C-T	BRCA2	stop_gained	SNV_INDEL
chr13-32337556-TG-T	BRCA2	frameshift	SNV_INDEL
chr13-32337952-CTG-C	BRCA2	frameshift	SNV_INDEL
chr13-32337981-CAG-C	BRCA2	frameshift	SNV_INDEL
chr13-32338069-GAA-G	BRCA2	frameshift	SNV_INDEL
chr13-32338997-G-T	BRCA2	stop_gained	SNV_INDEL
chr13-32339518-CAG-C	BRCA2	frameshift	SNV_INDEL
chr13-32340155-CA-C	BRCA2	frameshift	SNV_INDEL
chr13-32340202-TGTTA-T	BRCA2	frameshift	SNV_INDEL
chr13-32340454-A-AC	BRCA2	frameshift	SNV_INDEL
chr13-32340609-TAATC-T	BRCA2	frameshift	SNV_INDEL
chr13-32340985-AGTTT-A	BRCA2	frameshift	SNV_INDEL
chr13-32341100-GC-G	BRCA2	frameshift	SNV_INDEL
chr13-32341112-CTT-C	BRCA2	frameshift	SNV_INDEL
chr13-32355076-CA-C	BRCA2	frameshift	SNV_INDEL
chr13-32355229-AAAAC-A	BRCA2	frameshift	SNV_INDEL
chr13-32355259-C-CT	BRCA2	frameshift	SNV_INDEL
chr13-32356508-C-T	BRCA2	stop_gained	SNV_INDEL
chr13-32362595-G-A	BRCA2	stop_gained	SNV_INDEL
chr13-32363266-CTG-C	BRCA2	frameshift	SNV_INDEL
chr13-32363370-A-T	BRCA2	missense	SNV_INDEL
chr13-32370490-C-A	BRCA2	stop_gained	SNV_INDEL
chr13-32379885-C-CA	BRCA2	frameshift	SNV_INDEL
chr13-32398209-TTGTA-T	BRCA2	frameshift	SNV_INDEL
chr13-48380211-G-A	RB1	missense	SNV_INDEL
chr13-32316419-CAG-C	BRCA2	splice_acceptor	SNV_INDEL
chr13-32337091-AGACTT-A	BRCA2	frameshift	SNV_INDEL
chr13-32340000-C-A	BRCA2	stop_gained	SNV_INDEL
chr13-32340906-AG-A	BRCA2	frameshift	SNV_INDEL
chr13-32344590-G-T	BRCA2	stop_gained	SNV_INDEL
chr13-32394808-C-T	BRCA2	stop_gained	SNV_INDEL
chr14-23415651-C-T	MYH7	missense	SNV_INDEL
chr14-23422291-C-T	MYH7	missense	SNV_INDEL
chr14-23424842-C-T	MYH7	missense	SNV_INDEL
chr14-23424875-C-T	MYH7	missense	SNV_INDEL
chr14-23426833-C-T	MYH7	missense	SNV_INDEL
chr14-23429038-G-A	MYH7	missense	SNV_INDEL
chr14-23432714-G-A	MYH7	missense	SNV_INDEL
chr14-23433083-C-T	MYH7	splice_donor	SNV_INDEL
chr14-23418234-C-T	MYH7	missense	SNV_INDEL
chr14-23418313-C-T	MYH7	missense	SNV_INDEL
chr14-23432479-G-A	MYH7	missense	SNV_INDEL
chr15-34791184-A-G	ACTC1	missense	SNV_INDEL
chr15-34793280-GC-G	ACTC1	frameshift	SNV_INDEL
chr15-48420752-A-G	FBN1	missense	SNV_INDEL
chr15-48427768-G-A	FBN1	missense	SNV_INDEL
chr15-48452589-G-A	FBN1	missense	SNV_INDEL
chr15-48505144-A-G	FBN1	missense	SNV_INDEL
chr15-48526255-T-C	FBN1	missense	SNV_INDEL
chr15-48452613-G-A	FBN1	missense	SNV_INDEL
chr15-48495155-G-A	FBN1	missense	SNV_INDEL
chr16-2071534-C-T	TSC2	missense	SNV_INDEL
chr16-2082435-G-A	TSC2	splice_acceptor	SNV_INDEL
chr16-15726937-GCTT-G	MYH11	inframe_deletion	SNV_INDEL
chr16-23614092-C-T	PALB2	splice_acceptor	SNV_INDEL
chr16-23622997-C-A	PALB2	stop_gained	SNV_INDEL
chr16-23626390-G-C	PALB2	stop_gained	SNV_INDEL
chr16-23630046-A-C	PALB2	stop_gained	SNV_INDEL
chr16-23630471-T-G	PALB2	splice_acceptor	SNV_INDEL
chr16-23634871-G-A	PALB2	stop_gained	SNV_INDEL
chr16-23634953-CA-C	PALB2	frameshift	SNV_INDEL
chr16-23635486-AT-A	PALB2	frameshift	SNV_INDEL
chr16-23636101-TC-T	PALB2	frameshift	SNV_INDEL
chr16-23637849-C-T	PALB2	splice_donor	SNV_INDEL
chr16-23637865-G-A	PALB2	stop_gained	SNV_INDEL
chr16-23641111-T-G	PALB2	missense	SNV_INDEL
chr16-23624082-G-GT	PALB2	frameshift	SNV_INDEL
chr16-23629214-GA-G	PALB2	frameshift	SNV_INDEL
chr16-23629897-G-A	PALB2	stop_gained	SNV_INDEL
chr16-23635787-TAG-T	PALB2	frameshift	SNV_INDEL
chr17-7674180-C-A	TP53	splice_donor	SNV_INDEL
chr17-7675070-C-T	TP53	missense	SNV_INDEL
chr17-43063918-T-C	BRCA1	missense	SNV_INDEL
chr17-43063930-C-T	BRCA1	missense	SNV_INDEL
chr17-43074498-G-C	BRCA1	stop_gained	SNV_INDEL
chr17-43091462-CTTGA-C	BRCA1	frameshift	SNV_INDEL
chr17-43091759-CCT-C	BRCA1	frameshift	SNV_INDEL
chr17-43092185-CTTCT-C	BRCA1	frameshift	SNV_INDEL
chr17-43092316-AG-A	BRCA1	frameshift	SNV_INDEL
chr17-43092760-TTAAC-T	BRCA1	frameshift	SNV_INDEL
chr17-43094022-CTTTAA-C	BRCA1	frameshift	SNV_INDEL
chr17-43099850-TAG-T	BRCA1	frameshift	SNV_INDEL
chr17-43057075-C-G	BRCA1	missense	SNV_INDEL
chr17-43094566-GC-G	BRCA1	frameshift	SNV_INDEL
chr17-43095852-T-A	BRCA1	stop_gained	SNV_INDEL
chr17-43104262-C-A	BRCA1	splice_acceptor	SNV_INDEL
chr18-31070776-G-A	DSC2	stop_gained	SNV_INDEL
chr18-31082378-G-GT	DSC2	frameshift	SNV_INDEL
chr18-31093645-T-C	DSC2	splice_acceptor	SNV_INDEL
chr18-31519921-AG-A	DSG2	frameshift	SNV_INDEL
chr18-31521244-G-A	DSG2	splice_donor	SNV_INDEL
chr18-31522115-GC-G	DSG2	frameshift	SNV_INDEL
chr18-31535413-G-T	DSG2	splice_donor	SNV_INDEL
chr18-31546425-C-A	DSG2	stop_gained	SNV_INDEL
chr18-31592974-G-A	TTR	missense	SNV_INDEL
chr18-31595211-T-C	TTR	missense	SNV_INDEL
chr18-31595245-A-G	TTR	missense	SNV_INDEL
chr18-31598655-G-A	TTR	missense	SNV_INDEL
chr19-11102741-G-A	LDLR	missense	SNV_INDEL
chr19-11105420-G-A	LDLR	missense	SNV_INDEL
chr19-11107436-G-A	LDLR	missense	SNV_INDEL
chr19-11110697-G-A	LDLR	missense	SNV_INDEL
chr19-11110714-G-A	LDLR	missense	SNV_INDEL
chr19-11113286-G-A	LDLR	missense	SNV_INDEL
chr19-11113307-C-T	LDLR	missense	SNV_INDEL
chr19-11113329-C-T	LDLR	missense	SNV_INDEL
chr19-11113332-T-G	LDLR	missense	SNV_INDEL
chr19-11113337-C-T	LDLR	missense	SNV_INDEL
chr19-11113338-G-A	LDLR	missense	SNV_INDEL
chr19-11113376-G-A	LDLR	missense	SNV_INDEL
chr19-11113608-G-A	LDLR	missense	SNV_INDEL
chr19-11113650-G-A	LDLR	missense	SNV_INDEL
chr19-11116198-A-G	LDLR	missense	SNV_INDEL
chr19-11116874-G-A	LDLR	missense	SNV_INDEL
chr19-11116900-C-T	LDLR	missense	SNV_INDEL
chr19-11116936-C-T	LDLR	missense	SNV_INDEL
chr19-11116937-G-A	LDLR	missense	SNV_INDEL
chr19-38440829-C-T	RYR1	missense	SNV_INDEL
chr19-38455471-C-T	RYR1	missense	SNV_INDEL
chr19-38585027-G-A	RYR1	missense	SNV_INDEL
chr19-55154094-C-T	TNNI3	missense	SNV_INDEL
chr19-55154095-G-A	TNNI3	missense	SNV_INDEL
chr19-55154743-C-G	TNNI3	missense	SNV_INDEL
chr19-11105587-C-G	LDLR	missense	SNV_INDEL
chr19-11110738-G-A	LDLR	missense	SNV_INDEL
chr19-11129511-A-G	LDLR	splice_acceptor	SNV_INDEL
chr19-38499670-C-T	RYR1	missense	SNV_INDEL
chr19-38577955-G-A	RYR1	missense	SNV_INDEL
chr19-55151881-C-T	TNNI3	missense	SNV_INDEL
chrX-38367332-G-A	OTC	missense	SNV_INDEL
chrX-38403711-G-A	OTC	missense	SNV_INDEL
chrX-101398481-C-T	GLA	missense	SNV_INDEL
chrX-101401740-C-T	GLA	missense	SNV_INDEL
chrX-101401752-C-T	GLA	missense	SNV_INDEL
chrX-101403845-C-T	GLA	missense	SNV_INDEL
chrX-101407767-T-G	GLA	missense	SNV_INDEL
chr10:88456054-89196888	ACTA2	Deletion	SV_CNV
chr17:43033229-43051892	BRCA1	Deletion	SV_CNV
chr17:43078439-43140674	BRCA1	Deletion	SV_CNV
chr19:11108406-11118056	LDLR	Duplication	SV_CNV
chr2:47382462-47411928	MSH2	Deletion	SV_CNV
chr2:47432167-47448934	MSH2	Deletion	SV_CNV
chr2:47470436-47497642	MSH2	Deletion	SV_CNV
chr12:32890970-32913880	PKP2	Complex	SV_CNV
chr7:5661345-6001519	PMS2	Deletion	SV_CNV
chr7:5993717-5996409	PMS2	Deletion	SV_CNV
chr2:96251325-96256078	TMEM127	Deletion	SV_CNV
chr2:96263310-96269896	TMEM127	Deletion	SV_CNV
